{
  "project_info": {
    "project_number": "450750883257",
    "project_id": "eggdeliveryapp-86017",
    "storage_bucket": "eggdeliveryapp-86017.firebasestorage.app"
  },
  "client": [
    {
      "client_info": {
        "mobilesdk_app_id": "1:450750883257:android:688c0b38508c35d3948268",
        "android_client_info": {
          "package_name": "com.xthea.eggdelivery"
        }
      },
      "oauth_client": [],
      "api_key": [
        {
          "current_key": "AIzaSyADrqu91iDnMeoiGsYgvatAht_6-CS1E34"
        }
      ],
      "services": {
        "appinvite_service": {
          "other_platform_oauth_client": []
        }
      }
    }
  ],
  "configuration_version": "1"
}